video_id,split,num_detections,num_paths,num_unmatched_paths,num_verified_positive_paths,num_null_paths,has_null_block
115,cal,18,3,1,0,1,True
116,tune,44,10,4,0,4,True
117,cal,8,1,1,0,1,True
118,test,53,8,2,0,2,True
119,tune,24,3,0,0,0,False
120,cal,15,4,0,0,0,False
121,test,16,2,0,0,0,False
122,tune,72,14,9,0,9,True
123,test,37,5,1,0,1,True
124,test,27,15,8,0,8,True
125,test,18,4,1,0,1,True
126,cal,40,7,4,0,4,True
127,cal,16,4,0,0,0,False
128,cal,17,3,0,0,0,False
129,cal,16,2,0,0,0,False
130,tune,32,4,2,0,2,True
131,cal,17,3,1,0,1,True
132,test,25,6,2,0,2,True
133,test,115,28,11,0,11,True
134,cal,30,6,1,0,1,True
135,cal,9,2,0,0,0,False
136,test,12,2,0,0,0,False
137,cal,31,9,5,0,5,True
138,test,32,4,0,0,0,False
139,cal,13,4,0,0,0,False
140,cal,34,8,3,0,3,True
141,cal,32,7,4,0,4,True
142,cal,27,4,2,0,2,True
143,cal,41,13,4,0,4,True
144,cal,12,4,4,0,4,True
145,cal,29,6,0,0,0,False
146,cal,23,3,1,0,1,True
147,test,12,4,0,0,0,False
148,tune,48,8,3,0,3,True
149,cal,18,6,4,0,4,True
150,test,15,6,1,0,1,True
151,test,43,7,4,0,4,True
152,cal,20,5,2,0,2,True
153,cal,17,3,1,0,1,True
154,test,13,3,1,0,1,True
155,test,30,4,1,0,1,True
156,cal,25,4,2,0,2,True
157,cal,16,2,0,0,0,False
158,test,17,3,1,0,1,True
159,cal,52,11,4,0,4,True
160,cal,21,5,0,0,0,False
161,cal,32,6,0,0,0,False
162,tune,44,6,0,0,0,False
163,test,13,2,1,0,1,True
164,test,17,3,1,0,1,True
165,test,41,8,1,0,1,True
166,test,17,3,1,0,1,True
167,cal,28,6,2,0,2,True
168,cal,33,5,3,0,3,True
169,cal,26,4,2,0,2,True
170,cal,39,7,2,0,2,True
171,test,13,4,0,0,0,False
172,test,16,2,0,0,0,False
173,cal,16,3,1,0,1,True
174,cal,20,5,2,0,2,True
175,test,24,3,0,0,0,False
176,tune,53,8,2,0,2,True
177,cal,16,2,0,0,0,False
178,test,25,11,2,0,2,True
179,test,16,3,0,0,0,False
180,test,23,5,0,0,0,False
181,cal,16,2,0,0,0,False
182,cal,21,7,1,0,1,True
183,test,32,5,0,0,0,False
184,test,24,3,0,0,0,False
185,cal,13,2,0,0,0,False
186,cal,15,3,0,0,0,False
187,test,17,3,0,0,0,False
188,test,29,7,3,0,3,True
189,test,35,6,3,0,3,True
190,cal,22,6,3,0,3,True
191,test,31,8,2,0,2,True
192,cal,33,5,0,0,0,False
193,cal,21,4,0,0,0,False
194,cal,53,7,0,0,0,False
195,cal,11,3,1,0,1,True
196,cal,18,3,0,0,0,False
197,cal,19,7,1,0,1,True
198,test,17,3,1,0,1,True
199,cal,31,5,1,0,1,True
200,cal,11,2,1,0,1,True
201,tune,37,5,0,0,0,False
202,cal,24,3,0,0,0,False
203,test,11,3,0,0,0,False
204,tune,18,5,0,0,0,False
205,cal,34,5,0,0,0,False
206,tune,42,9,3,0,3,True
207,cal,25,10,1,0,1,True
208,test,29,5,0,0,0,False
209,test,33,5,2,0,2,True
210,test,25,5,1,0,1,True
211,cal,42,10,3,0,3,True
212,cal,16,3,1,0,1,True
213,cal,32,6,0,0,0,False
214,cal,68,15,4,0,4,True
215,test,24,5,0,0,0,False
216,cal,48,8,6,0,6,True
217,cal,85,43,8,0,8,True
218,cal,52,9,4,0,4,True
219,test,29,5,2,0,2,True
220,cal,8,1,0,0,0,False
221,cal,38,22,12,0,12,True
222,cal,24,11,2,0,2,True
223,cal,32,6,2,0,2,True
224,test,37,15,6,0,6,True
225,test,42,8,0,0,0,False
226,cal,24,3,0,0,0,False
227,cal,23,4,1,0,1,True
228,cal,40,5,4,0,4,True
229,cal,58,12,3,0,3,True
230,test,41,17,5,0,5,True
231,test,80,12,10,0,10,True
232,cal,39,9,1,0,1,True
233,cal,16,3,0,0,0,False
234,cal,42,6,1,0,1,True
235,test,27,5,1,0,1,True
236,cal,23,6,2,0,2,True
237,test,24,3,0,0,0,False
238,test,54,9,1,0,1,True
239,cal,10,3,2,0,2,True
240,test,37,6,3,0,3,True
241,test,26,6,3,0,3,True
242,cal,26,5,4,0,4,True
243,cal,39,8,2,0,2,True
244,test,26,5,1,0,1,True
245,cal,23,12,10,0,10,True
246,cal,18,4,1,0,1,True
247,cal,24,4,1,0,1,True
248,cal,25,4,0,0,0,False
249,test,24,9,3,0,3,True
250,cal,72,29,13,0,13,True
251,test,36,8,5,0,5,True
252,cal,10,3,0,0,0,False
253,test,31,11,4,0,4,True
254,cal,8,1,0,0,0,False
255,cal,39,5,2,0,2,True
256,cal,47,14,3,0,3,True
257,tune,57,14,2,0,2,True
258,cal,25,4,0,0,0,False
259,cal,25,5,2,0,2,True
260,test,37,15,6,0,6,True
261,cal,11,3,0,0,0,False
262,cal,38,8,2,0,2,True
263,test,23,4,0,0,0,False
264,test,34,9,6,0,6,True
265,test,27,9,4,0,4,True
266,test,57,10,3,0,3,True
267,cal,16,2,0,0,0,False
268,cal,26,4,0,0,0,False
269,test,22,3,1,0,1,True
270,tune,16,2,0,0,0,False
271,test,18,4,0,0,0,False
272,test,49,13,3,0,3,True
273,test,28,4,0,0,0,False
274,tune,68,14,7,0,7,True
275,cal,33,7,2,0,2,True
276,cal,32,4,2,0,2,True
277,tune,35,6,1,0,1,True
278,test,50,18,10,0,10,True
279,test,11,3,1,0,1,True
280,cal,32,8,5,0,5,True
281,test,34,14,2,0,2,True
282,cal,32,4,1,0,1,True
283,tune,25,4,0,0,0,False
284,test,8,1,0,0,0,False
285,tune,55,29,17,0,17,True
286,cal,9,2,0,0,0,False
287,test,41,9,2,0,2,True
288,test,35,17,5,0,5,True
289,cal,18,3,0,0,0,False
290,tune,18,3,0,0,0,False
291,test,18,5,4,0,4,True
292,cal,14,6,1,0,1,True
293,cal,20,6,1,0,1,True
294,test,24,18,2,0,2,True
295,cal,27,14,4,0,4,True
296,tune,40,10,4,0,4,True
297,test,25,8,5,0,5,True
298,cal,28,6,5,0,5,True
299,cal,86,11,3,0,3,True
300,test,9,2,0,0,0,False
301,cal,17,3,0,0,0,False
302,test,39,14,4,0,4,True
303,cal,18,4,2,0,2,True
304,tune,60,9,6,0,6,True
305,test,52,14,2,0,2,True
306,test,41,13,5,0,5,True
307,test,27,6,0,0,0,False
308,test,16,4,1,0,1,True
309,test,16,2,0,0,0,False
310,cal,25,4,1,0,1,True
311,test,24,6,0,0,0,False
312,tune,26,4,0,0,0,False
313,tune,32,9,5,0,5,True
314,cal,95,18,8,0,8,True
315,cal,19,4,0,0,0,False
316,cal,29,5,1,0,1,True
317,cal,25,14,8,0,8,True
318,test,56,10,0,0,0,False
319,test,38,12,7,0,7,True
320,test,32,4,0,0,0,False
321,cal,38,6,3,0,3,True
322,test,29,10,5,0,5,True
323,test,29,5,2,0,2,True
324,cal,25,5,2,0,2,True
325,cal,18,4,1,0,1,True
326,cal,27,6,1,0,1,True
327,cal,26,6,1,0,1,True
328,test,13,4,3,0,3,True
329,tune,16,2,0,0,0,False
330,test,24,9,6,0,6,True
331,cal,13,3,0,0,0,False
332,test,31,6,1,0,1,True
333,cal,17,3,0,0,0,False
334,cal,16,2,0,0,0,False
335,cal,32,7,1,0,1,True
336,test,27,4,1,0,1,True
337,tune,27,10,3,0,3,True
338,cal,13,4,1,0,1,True
339,cal,24,4,0,0,0,False
340,cal,19,3,0,0,0,False
341,cal,8,1,0,0,0,False
342,test,24,4,0,0,0,False
343,cal,16,2,1,0,1,True
344,test,48,7,1,0,1,True
345,tune,90,20,7,0,7,True
346,test,51,11,4,0,4,True
347,cal,73,11,0,0,0,False
348,cal,32,4,2,0,2,True
349,cal,28,7,0,0,0,False
350,test,16,2,1,0,1,True
351,cal,46,7,2,0,2,True
352,test,33,6,2,0,2,True
353,test,20,7,2,0,2,True
354,cal,11,5,3,0,3,True
355,cal,10,4,1,0,1,True
356,cal,26,8,1,0,1,True
357,test,8,1,0,0,0,False
358,cal,24,3,0,0,0,False
359,tune,24,3,0,0,0,False
360,cal,8,1,0,0,0,False
361,cal,24,3,0,0,0,False
362,cal,12,3,0,0,0,False
363,cal,32,7,3,0,3,True
364,test,54,16,2,0,2,True
365,tune,16,2,0,0,0,False
366,test,63,11,3,0,3,True
367,cal,25,5,2,0,2,True
368,cal,12,4,1,0,1,True
369,cal,7,1,0,0,0,False
370,cal,17,3,0,0,0,False
371,cal,19,3,1,0,1,True
372,cal,24,4,1,0,1,True
373,cal,14,3,0,0,0,False
374,tune,19,7,4,0,4,True
375,test,31,8,3,0,3,True
376,test,24,3,0,0,0,False
377,test,16,2,0,0,0,False
378,test,28,12,2,0,2,True
379,tune,17,3,0,0,0,False
380,tune,25,4,0,0,0,False
381,tune,20,3,1,0,1,True
382,cal,60,19,14,0,14,True
383,cal,30,5,2,0,2,True
384,test,32,20,8,0,8,True
385,cal,16,2,0,0,0,False
386,test,16,2,0,0,0,False
387,cal,17,5,2,0,2,True
388,test,20,4,0,0,0,False
389,test,37,16,13,0,13,True
390,cal,55,11,3,0,3,True
391,test,30,11,8,0,8,True
392,test,45,13,7,0,7,True
393,cal,23,4,1,0,1,True
394,test,10,2,0,0,0,False
395,cal,17,3,1,0,1,True
396,cal,38,9,1,0,1,True
397,test,43,6,0,0,0,False
398,cal,54,7,2,0,2,True
399,tune,26,4,0,0,0,False
400,cal,17,3,0,0,0,False
401,test,14,2,0,0,0,False
402,test,17,5,2,0,2,True
403,cal,33,5,1,0,1,True
404,test,44,14,2,0,2,True
405,cal,48,10,0,0,0,False
406,test,24,5,1,0,1,True
407,cal,36,8,1,0,1,True
408,cal,36,6,2,0,2,True
409,test,32,4,0,0,0,False
410,cal,17,5,2,0,2,True
411,test,18,3,0,0,0,False
412,tune,46,11,3,0,3,True
413,cal,44,11,1,0,1,True
414,tune,24,4,1,0,1,True
415,test,23,5,0,0,0,False
416,cal,28,7,2,0,2,True
417,cal,25,9,4,0,4,True
418,tune,27,4,1,0,1,True
419,cal,33,6,2,0,2,True
420,cal,18,3,0,0,0,False
421,test,31,5,2,0,2,True
422,tune,18,4,0,0,0,False
423,test,26,4,0,0,0,False
424,test,89,12,5,0,5,True
425,test,41,7,2,0,2,True
426,cal,32,13,5,0,5,True
427,cal,23,10,4,0,4,True
428,cal,60,16,2,0,2,True
429,test,26,5,1,0,1,True
430,cal,30,5,0,0,0,False
431,cal,15,4,1,0,1,True
432,cal,34,9,7,0,7,True
433,cal,24,3,0,0,0,False
434,test,29,5,1,0,1,True
435,test,12,3,0,0,0,False
436,test,31,6,0,0,0,False
437,test,38,14,6,0,6,True
438,tune,27,6,3,0,3,True
439,test,24,10,0,0,0,False
440,test,19,4,0,0,0,False
441,cal,18,3,0,0,0,False
442,cal,31,9,1,0,1,True
443,test,39,25,20,0,20,True
444,cal,30,5,1,0,1,True
445,test,11,3,2,0,2,True
446,cal,11,3,1,0,1,True
447,test,31,14,2,0,2,True
448,cal,9,2,0,0,0,False
449,cal,25,4,0,0,0,False
450,cal,23,9,5,0,5,True
451,test,17,3,0,0,0,False
452,cal,16,2,0,0,0,False
453,tune,88,31,28,0,28,True
454,cal,27,5,0,0,0,False
455,test,8,1,0,0,0,False
456,cal,16,2,0,0,0,False
457,test,27,6,4,0,4,True
458,tune,57,10,3,0,3,True
459,cal,22,3,0,0,0,False
460,cal,50,9,3,0,3,True
461,test,50,10,1,0,1,True
462,test,44,7,0,0,0,False
463,cal,56,7,0,0,0,False
464,test,16,2,0,0,0,False
465,tune,128,18,1,0,1,True
466,cal,85,12,5,0,5,True
468,test,56,11,1,0,1,True
469,test,48,16,6,0,6,True
470,test,32,8,0,0,0,False
471,test,21,8,3,0,3,True
472,cal,33,5,3,0,3,True
473,test,17,4,1,0,1,True
474,test,15,2,0,0,0,False
475,cal,35,5,1,0,1,True
476,test,51,9,6,0,6,True
477,test,56,9,4,0,4,True
478,cal,26,7,5,0,5,True
479,test,59,14,7,0,7,True
480,tune,26,4,1,0,1,True
481,tune,28,4,1,0,1,True
482,tune,24,3,1,0,1,True
483,cal,28,10,1,0,1,True
484,cal,29,4,2,0,2,True
485,test,10,2,0,0,0,False
486,cal,77,20,8,0,8,True
487,test,26,5,1,0,1,True
488,test,16,3,0,0,0,False
489,cal,16,2,0,0,0,False
490,tune,34,9,8,0,8,True
491,cal,28,5,3,0,3,True
492,test,18,4,2,0,2,True
493,cal,83,11,3,0,3,True
494,cal,9,2,0,0,0,False
495,test,30,6,2,0,2,True
496,tune,25,4,0,0,0,False
497,test,28,5,2,0,2,True
498,cal,33,5,2,0,2,True
499,cal,8,1,0,0,0,False
500,test,16,2,2,0,2,True
501,cal,53,11,2,0,2,True
502,cal,16,5,3,0,3,True
503,tune,13,4,1,0,1,True
504,test,19,7,4,0,4,True
505,cal,36,5,0,0,0,False
506,cal,17,3,0,0,0,False
507,test,15,3,0,0,0,False
508,test,45,9,1,0,1,True
509,test,47,7,2,0,2,True
510,cal,25,6,2,0,2,True
511,cal,33,10,4,0,4,True
512,cal,20,4,0,0,0,False
513,cal,30,6,2,0,2,True
514,cal,16,2,1,0,1,True
515,cal,16,3,0,0,0,False
516,cal,31,7,0,0,0,False
517,cal,28,4,2,0,2,True
518,cal,14,2,0,0,0,False
519,tune,32,7,3,0,3,True
520,cal,27,10,4,0,4,True
521,cal,16,2,0,0,0,False
522,test,52,24,12,0,12,True
523,cal,22,7,2,0,2,True
524,test,50,10,6,0,6,True
525,cal,55,14,9,0,9,True
526,cal,11,3,0,0,0,False
527,cal,108,17,0,0,0,False
528,cal,52,7,1,0,1,True
529,test,47,17,12,0,12,True
530,cal,28,4,1,0,1,True
531,cal,27,9,3,0,3,True
532,cal,25,5,1,0,1,True
533,tune,64,15,8,0,8,True
534,test,22,4,0,0,0,False
535,test,22,4,2,0,2,True
536,cal,23,5,1,0,1,True
537,cal,18,4,2,0,2,True
538,cal,40,8,6,0,6,True
539,tune,1,1,1,0,1,True
540,cal,35,8,2,0,2,True
541,test,101,21,0,0,0,False
542,test,35,20,13,0,13,True
543,cal,25,4,0,0,0,False
544,cal,11,2,0,0,0,False
545,cal,130,27,11,0,11,True
546,test,28,6,3,0,3,True
547,test,8,1,0,0,0,False
548,cal,16,2,0,0,0,False
549,cal,24,3,0,0,0,False
550,test,22,5,1,0,1,True
551,test,16,2,0,0,0,False
552,cal,33,8,5,0,5,True
553,test,31,5,3,0,3,True
554,cal,82,14,5,0,5,True
555,cal,30,5,2,0,2,True
556,cal,30,22,9,0,9,True
557,test,13,2,1,0,1,True
558,test,59,9,5,0,5,True
559,test,17,3,0,0,0,False
560,cal,28,5,2,0,2,True
561,test,35,7,1,0,1,True
562,cal,48,6,3,0,3,True
563,cal,17,3,0,0,0,False
564,test,46,7,2,0,2,True
565,cal,15,5,0,0,0,False
566,cal,33,10,8,0,8,True
567,test,20,4,0,0,0,False
568,cal,69,17,2,0,2,True
569,cal,57,9,4,0,4,True
570,test,38,8,1,0,1,True
571,cal,14,6,0,0,0,False
572,cal,18,5,0,0,0,False
573,cal,28,6,2,0,2,True
574,cal,96,41,8,0,8,True
575,cal,82,14,4,0,4,True
576,test,23,4,0,0,0,False
577,test,37,6,5,0,5,True
578,tune,41,7,4,0,4,True
579,cal,43,16,2,0,2,True
580,test,24,3,0,0,0,False
581,cal,31,12,2,0,2,True
582,test,24,3,0,0,0,False
583,test,25,4,2,0,2,True
584,cal,24,5,0,0,0,False
585,cal,27,9,4,0,4,True
586,cal,27,6,1,0,1,True
587,cal,20,5,0,0,0,False
588,test,19,4,1,0,1,True
589,tune,8,1,0,0,0,False
590,test,14,5,2,0,2,True
591,test,36,14,5,0,5,True
592,test,14,4,0,0,0,False
594,test,69,16,2,0,2,True
595,cal,18,4,3,0,3,True
596,tune,5,4,2,0,2,True
597,test,30,7,2,0,2,True
598,cal,23,4,1,0,1,True
599,cal,31,6,1,0,1,True
600,test,21,9,6,0,6,True
601,test,118,18,17,0,17,True
602,cal,30,14,2,0,2,True
603,cal,16,2,1,0,1,True
604,test,26,5,1,0,1,True
605,cal,41,11,6,0,6,True
606,cal,28,4,2,0,2,True
607,cal,19,4,0,0,0,False
608,test,32,4,1,0,1,True
609,cal,17,3,1,0,1,True
610,test,47,10,1,0,1,True
611,cal,40,12,5,0,5,True
612,cal,24,3,0,0,0,False
613,tune,29,8,3,0,3,True
614,cal,20,4,1,0,1,True
615,tune,16,2,0,0,0,False
616,cal,33,9,6,0,6,True
617,cal,34,7,3,0,3,True
618,test,16,2,0,0,0,False
619,tune,46,6,1,0,1,True
620,tune,117,31,16,0,16,True
621,test,20,10,1,0,1,True
622,test,24,3,0,0,0,False
623,tune,19,3,1,0,1,True
624,test,31,4,2,0,2,True
625,cal,37,6,0,0,0,False
626,test,32,8,3,0,3,True
627,test,36,7,2,0,2,True
628,test,26,4,1,0,1,True
629,test,42,7,1,0,1,True
630,test,34,5,2,0,2,True
631,test,18,3,0,0,0,False
632,test,16,2,0,0,0,False
633,cal,29,6,1,0,1,True
634,cal,37,7,3,0,3,True
635,test,15,4,0,0,0,False
636,test,57,36,17,0,17,True
637,test,29,8,5,0,5,True
638,cal,39,8,3,0,3,True
639,test,46,8,0,0,0,False
640,test,17,4,2,0,2,True
641,cal,41,7,3,0,3,True
642,test,26,5,3,0,3,True
643,test,24,10,2,0,2,True
644,cal,35,5,2,0,2,True
645,test,33,5,0,0,0,False
646,cal,31,9,5,0,5,True
647,test,14,6,2,0,2,True
648,test,30,5,0,0,0,False
649,cal,16,3,0,0,0,False
650,cal,16,5,0,0,0,False
651,cal,37,19,2,0,2,True
652,cal,21,3,0,0,0,False
653,test,25,4,1,0,1,True
654,cal,25,6,0,0,0,False
655,cal,31,5,2,0,2,True
656,cal,36,16,5,0,5,True
657,test,26,4,1,0,1,True
658,cal,39,10,3,0,3,True
659,cal,14,7,1,0,1,True
660,cal,32,6,0,0,0,False
661,test,25,8,4,0,4,True
662,cal,33,8,1,0,1,True
663,test,21,5,3,0,3,True
664,cal,58,35,21,0,21,True
665,cal,8,1,0,0,0,False
666,test,28,14,6,0,6,True
667,test,24,9,1,0,1,True
668,cal,32,4,2,0,2,True
669,cal,20,4,1,0,1,True
670,cal,24,3,0,0,0,False
671,cal,56,13,5,0,5,True
672,cal,17,3,0,0,0,False
673,test,19,5,1,0,1,True
674,cal,49,16,0,0,0,False
675,cal,38,12,1,0,1,True
676,test,36,9,3,0,3,True
677,cal,24,5,0,0,0,False
678,test,38,20,12,0,12,True
679,cal,22,3,1,0,1,True
680,cal,27,4,1,0,1,True
681,cal,22,5,0,0,0,False
682,cal,44,9,1,0,1,True
683,cal,35,9,4,0,4,True
684,cal,24,3,0,0,0,False
685,test,32,6,4,0,4,True
686,cal,33,21,2,0,2,True
687,test,78,14,1,0,1,True
688,test,53,10,4,0,4,True
689,cal,11,4,0,0,0,False
690,tune,39,9,1,0,1,True
691,test,48,8,5,0,5,True
692,cal,25,5,0,0,0,False
693,tune,36,7,2,0,2,True
694,cal,11,2,1,0,1,True
695,test,42,6,2,0,2,True
696,cal,41,6,1,0,1,True
697,cal,24,6,3,0,3,True
698,tune,36,6,0,0,0,False
699,test,17,3,0,0,0,False
700,cal,27,6,1,0,1,True
701,cal,40,5,0,0,0,False
702,test,28,5,2,0,2,True
703,cal,30,4,1,0,1,True
704,test,39,14,6,0,6,True
705,cal,46,8,0,0,0,False
706,tune,20,6,2,0,2,True
707,cal,8,1,1,0,1,True
708,cal,14,5,1,0,1,True
709,tune,12,3,0,0,0,False
710,test,39,5,1,0,1,True
711,cal,14,5,1,0,1,True
712,test,24,3,0,0,0,False
713,cal,29,10,6,0,6,True
714,test,27,8,3,0,3,True
715,cal,38,6,0,0,0,False
716,tune,29,5,2,0,2,True
717,cal,28,4,0,0,0,False
718,tune,27,6,2,0,2,True
719,cal,12,5,3,0,3,True
720,test,16,2,0,0,0,False
721,cal,22,8,1,0,1,True
722,cal,39,7,2,0,2,True
723,test,37,5,1,0,1,True
724,test,26,9,6,0,6,True
725,cal,14,3,0,0,0,False
726,tune,46,8,3,0,3,True
727,cal,20,6,4,0,4,True
728,cal,41,8,5,0,5,True
729,cal,11,2,0,0,0,False
730,cal,18,4,1,0,1,True
731,cal,17,6,3,0,3,True
732,tune,33,5,2,0,2,True
733,cal,30,5,1,0,1,True
734,cal,14,4,1,0,1,True
735,cal,20,4,0,0,0,False
736,test,35,6,3,0,3,True
737,cal,26,4,0,0,0,False
738,test,20,3,1,0,1,True
739,test,10,3,0,0,0,False
740,cal,26,5,1,0,1,True
741,cal,73,11,0,0,0,False
742,tune,14,5,2,0,2,True
743,test,15,2,0,0,0,False
744,cal,21,3,2,0,2,True
745,cal,34,5,3,0,3,True
746,cal,17,3,0,0,0,False
747,test,31,7,2,0,2,True
748,test,62,51,6,0,6,True
749,cal,74,10,1,0,1,True
750,test,13,2,1,0,1,True
751,test,40,8,0,0,0,False
752,cal,31,15,3,0,3,True
753,cal,18,3,0,0,0,False
754,cal,23,14,1,0,1,True
755,test,81,17,5,0,5,True
756,test,27,6,0,0,0,False
757,test,52,21,12,0,12,True
758,test,31,9,1,0,1,True
759,cal,28,5,0,0,0,False
760,cal,35,7,2,0,2,True
761,test,17,6,3,0,3,True
762,cal,44,13,2,0,2,True
763,tune,20,4,2,0,2,True
764,test,19,3,0,0,0,False
765,test,16,2,0,0,0,False
766,cal,38,6,1,0,1,True
767,tune,41,17,10,0,10,True
768,cal,73,10,1,0,1,True
769,test,30,16,1,0,1,True
770,cal,68,12,5,0,5,True
771,cal,51,19,0,0,0,False
772,tune,8,1,0,0,0,False
773,test,21,3,0,0,0,False
774,test,19,7,1,0,1,True
775,cal,20,3,1,0,1,True
776,cal,16,2,0,0,0,False
777,cal,24,3,1,0,1,True
778,cal,25,7,3,0,3,True
779,cal,35,5,1,0,1,True
780,cal,18,5,2,0,2,True
781,test,26,5,2,0,2,True
782,test,122,17,8,0,8,True
783,cal,59,18,6,0,6,True
784,cal,46,10,4,0,4,True
785,test,39,8,2,0,2,True
786,cal,16,3,0,0,0,False
787,cal,16,2,0,0,0,False
788,test,44,9,2,0,2,True
789,cal,27,5,0,0,0,False
790,test,57,11,0,0,0,False
791,test,72,12,6,0,6,True
792,cal,14,2,1,0,1,True
793,cal,24,3,0,0,0,False
794,test,25,4,0,0,0,False
795,test,24,3,0,0,0,False
796,cal,17,7,0,0,0,False
797,cal,39,6,1,0,1,True
798,cal,86,28,9,0,9,True
799,cal,15,3,0,0,0,False
800,test,9,2,0,0,0,False
801,tune,45,9,2,0,2,True
802,test,25,4,1,0,1,True
803,cal,69,28,4,0,4,True
804,tune,46,6,3,0,3,True
805,cal,19,10,7,0,7,True
806,test,16,2,0,0,0,False
807,test,41,6,3,0,3,True
808,cal,18,4,1,0,1,True
809,test,34,8,5,0,5,True
810,tune,48,18,7,0,7,True
811,cal,30,21,12,0,12,True
812,cal,28,8,0,0,0,False
813,tune,23,9,3,0,3,True
814,cal,16,4,0,0,0,False
815,test,25,6,1,0,1,True
816,test,31,6,0,0,0,False
817,test,25,6,4,0,4,True
818,test,24,14,4,0,4,True
819,cal,18,4,1,0,1,True
820,cal,16,3,1,0,1,True
821,test,40,6,1,0,1,True
822,cal,16,3,1,0,1,True
823,test,29,7,2,0,2,True
824,cal,31,4,0,0,0,False
825,cal,16,2,0,0,0,False
826,cal,40,11,4,0,4,True
827,cal,24,3,0,0,0,False
828,test,18,5,1,0,1,True
829,cal,16,2,0,0,0,False
830,tune,65,9,4,0,4,True
831,cal,52,20,1,0,1,True
832,cal,19,4,0,0,0,False
833,tune,11,2,0,0,0,False
834,test,18,6,1,0,1,True
835,test,33,5,1,0,1,True
836,cal,46,10,4,0,4,True
838,cal,56,9,2,0,2,True
839,cal,22,3,1,0,1,True
840,cal,12,4,0,0,0,False
842,cal,38,7,4,0,4,True
843,test,25,4,1,0,1,True
844,tune,29,9,2,0,2,True
845,cal,27,6,1,0,1,True
846,tune,123,30,10,0,10,True
847,cal,35,6,3,0,3,True
848,test,19,3,0,0,0,False
849,cal,19,4,2,0,2,True
850,cal,21,5,0,0,0,False
851,test,22,5,3,0,3,True
852,tune,35,7,3,0,3,True
853,test,26,4,0,0,0,False
854,test,22,9,4,0,4,True
855,test,12,2,0,0,0,False
856,test,36,9,4,0,4,True
857,test,25,12,7,0,7,True
858,test,12,2,0,0,0,False
859,cal,41,10,4,0,4,True
860,test,20,3,0,0,0,False
861,test,16,6,1,0,1,True
862,cal,24,4,1,0,1,True
863,cal,35,10,5,0,5,True
864,test,59,44,35,0,35,True
865,test,22,4,0,0,0,False
866,tune,35,5,2,0,2,True
867,cal,30,4,2,0,2,True
868,test,35,7,3,0,3,True
869,test,8,2,0,0,0,False
870,cal,16,3,0,0,0,False
871,test,25,4,0,0,0,False
872,cal,34,5,1,0,1,True
873,cal,38,23,11,0,11,True
874,cal,48,9,5,0,5,True
875,cal,23,4,2,0,2,True
876,cal,79,25,13,0,13,True
877,cal,28,7,5,0,5,True
878,cal,22,6,2,0,2,True
879,cal,41,6,2,0,2,True
880,test,28,5,0,0,0,False
881,test,61,35,7,0,7,True
882,test,35,12,3,0,3,True
883,test,25,4,0,0,0,False
884,test,14,4,2,0,2,True
885,cal,21,5,3,0,3,True
886,test,40,12,1,0,1,True
887,cal,31,6,2,0,2,True
888,cal,35,6,1,0,1,True
889,cal,25,4,0,0,0,False
890,cal,61,16,2,0,2,True
891,tune,12,2,0,0,0,False
892,cal,57,8,3,0,3,True
893,test,46,8,4,0,4,True
894,cal,38,7,5,0,5,True
895,test,14,2,0,0,0,False
896,cal,58,8,1,0,1,True
897,test,10,2,0,0,0,False
898,tune,15,5,0,0,0,False
899,cal,33,5,2,0,2,True
900,test,48,8,4,0,4,True
901,tune,37,6,0,0,0,False
902,test,23,4,1,0,1,True
903,test,14,3,2,0,2,True
904,tune,18,4,1,0,1,True
905,cal,20,4,2,0,2,True
906,test,16,2,0,0,0,False
907,cal,16,4,0,0,0,False
908,test,28,5,2,0,2,True
909,test,36,6,3,0,3,True
910,tune,36,6,3,0,3,True
911,cal,35,11,1,0,1,True
912,cal,24,5,3,0,3,True
913,cal,25,4,2,0,2,True
914,cal,47,13,1,0,1,True
915,tune,39,5,0,0,0,False
916,cal,34,6,2,0,2,True
917,test,30,6,0,0,0,False
918,test,28,12,5,0,5,True
919,test,18,6,2,0,2,True
920,test,34,10,5,0,5,True
921,test,8,2,1,0,1,True
922,test,13,6,3,0,3,True
923,test,17,4,1,0,1,True
924,test,45,6,0,0,0,False
925,cal,40,5,0,0,0,False
926,cal,66,21,11,0,11,True
927,test,14,4,0,0,0,False
928,test,15,5,0,0,0,False
929,cal,109,55,7,0,7,True
930,cal,32,6,0,0,0,False
931,tune,24,4,0,0,0,False
932,cal,24,3,1,0,1,True
933,tune,16,2,0,0,0,False
934,tune,33,10,2,0,2,True
935,cal,27,5,0,0,0,False
936,cal,35,9,3,0,3,True
937,test,31,12,8,0,8,True
938,test,36,10,0,0,0,False
939,cal,24,3,0,0,0,False
940,test,42,30,16,0,16,True
941,test,25,6,0,0,0,False
942,cal,29,11,3,0,3,True
943,test,16,2,0,0,0,False
944,test,16,2,0,0,0,False
945,cal,15,3,0,0,0,False
946,test,23,6,3,0,3,True
947,test,24,5,0,0,0,False
948,test,19,4,1,0,1,True
949,cal,51,9,3,0,3,True
950,cal,16,2,0,0,0,False
951,test,46,8,2,0,2,True
952,tune,35,9,6,0,6,True
953,cal,35,7,4,0,4,True
954,cal,28,5,0,0,0,False
955,cal,31,9,6,0,6,True
956,test,48,11,3,0,3,True
957,cal,32,4,0,0,0,False
958,cal,8,1,0,0,0,False
959,cal,36,6,1,0,1,True
960,test,24,5,0,0,0,False
961,cal,45,9,3,0,3,True
962,test,21,6,0,0,0,False
963,test,39,6,0,0,0,False
964,cal,39,11,2,0,2,True
965,cal,27,5,3,0,3,True
966,tune,13,2,0,0,0,False
967,cal,31,5,2,0,2,True
968,test,23,5,3,0,3,True
969,cal,16,2,0,0,0,False
970,cal,24,3,0,0,0,False
971,cal,16,2,0,0,0,False
972,test,16,4,0,0,0,False
973,cal,22,5,0,0,0,False
974,cal,60,15,7,0,7,True
975,test,14,3,0,0,0,False
976,cal,64,11,0,0,0,False
977,test,30,6,3,0,3,True
978,test,95,23,4,0,4,True
979,test,19,4,0,0,0,False
980,cal,60,14,7,0,7,True
981,cal,24,4,0,0,0,False
982,cal,37,6,2,0,2,True
983,tune,16,2,0,0,0,False
984,cal,24,3,0,0,0,False
985,test,47,9,2,0,2,True
986,test,21,12,2,0,2,True
987,cal,37,6,0,0,0,False
988,tune,32,4,2,0,2,True
989,cal,36,10,4,0,4,True
990,test,39,6,0,0,0,False
991,cal,38,8,3,0,3,True
992,tune,28,8,1,0,1,True
993,cal,9,2,1,0,1,True
994,test,37,5,3,0,3,True
995,tune,36,8,2,0,2,True
996,cal,69,12,0,0,0,False
997,tune,27,4,1,0,1,True
998,cal,50,10,5,0,5,True
999,test,19,4,0,0,0,False
1000,cal,34,6,1,0,1,True
1001,test,42,6,0,0,0,False
1002,cal,16,2,0,0,0,False
1003,cal,35,5,2,0,2,True
1004,cal,17,4,1,0,1,True
1005,cal,54,8,1,0,1,True
1006,tune,16,2,0,0,0,False
1007,test,18,3,0,0,0,False
1008,test,27,4,1,0,1,True
1009,cal,11,4,1,0,1,True
1010,cal,32,6,4,0,4,True
1011,cal,24,3,0,0,0,False
1012,test,26,4,1,0,1,True
1013,cal,77,15,3,0,3,True
1014,cal,23,5,2,0,2,True
1015,cal,5,3,1,0,1,True
1016,cal,19,5,0,0,0,False
1017,test,37,7,1,0,1,True
1018,cal,101,76,74,0,74,True
1019,cal,21,4,0,0,0,False
1020,cal,17,3,1,0,1,True
1021,test,32,13,5,0,5,True
1022,test,19,4,0,0,0,False
1023,cal,25,5,1,0,1,True
1024,test,19,4,0,0,0,False
1025,test,30,6,2,0,2,True
1026,cal,69,48,22,0,22,True
1027,test,32,25,8,0,8,True
1028,cal,14,2,0,0,0,False
1029,test,25,8,3,0,3,True
1030,test,18,3,1,0,1,True
1031,test,29,7,1,0,1,True
1032,cal,16,3,0,0,0,False
1033,cal,38,8,1,0,1,True
1034,cal,32,4,0,0,0,False
1035,cal,14,2,0,0,0,False
1036,test,17,3,2,0,2,True
1037,test,34,7,1,0,1,True
1038,cal,15,5,4,0,4,True
1039,cal,8,1,0,0,0,False
1040,cal,13,5,4,0,4,True
1041,tune,19,4,0,0,0,False
1042,tune,24,7,4,0,4,True
1043,test,35,7,0,0,0,False
1044,cal,20,5,3,0,3,True
1045,tune,31,10,3,0,3,True
1046,test,24,3,0,0,0,False
1047,test,15,3,2,0,2,True
1048,test,16,2,0,0,0,False
1049,test,41,8,3,0,3,True
1050,test,16,2,0,0,0,False
1051,cal,43,7,2,0,2,True
1052,tune,24,4,0,0,0,False
1053,cal,13,2,0,0,0,False
1054,test,24,12,4,0,4,True
1055,test,43,23,15,0,15,True
1056,test,24,3,0,0,0,False
1057,cal,23,12,6,0,6,True
1058,cal,16,2,0,0,0,False
1059,test,48,9,1,0,1,True
1060,tune,15,13,0,0,0,False
1061,test,22,6,3,0,3,True
1062,cal,11,2,0,0,0,False
1063,test,30,13,3,0,3,True
1064,cal,23,3,0,0,0,False
1065,tune,52,16,2,0,2,True
1066,tune,28,6,3,0,3,True
1067,test,18,5,0,0,0,False
1068,cal,33,10,4,0,4,True
1069,cal,36,11,6,0,6,True
1070,test,23,3,2,0,2,True
1071,test,19,5,3,0,3,True
1072,cal,24,8,2,0,2,True
1073,test,24,4,0,0,0,False
1074,test,25,4,2,0,2,True
1075,test,8,1,0,0,0,False
1076,test,24,4,0,0,0,False
1077,cal,18,6,0,0,0,False
1078,cal,23,8,4,0,4,True
1079,test,45,6,3,0,3,True
1080,cal,49,9,0,0,0,False
1081,cal,38,7,4,0,4,True
1082,test,32,4,0,0,0,False
1083,tune,24,3,0,0,0,False
1084,cal,38,5,1,0,1,True
1085,cal,11,4,3,0,3,True
1086,test,34,8,1,0,1,True
1087,test,48,7,0,0,0,False
1088,tune,31,5,2,0,2,True
1089,test,20,3,0,0,0,False
1090,cal,68,51,18,0,18,True
1091,cal,25,9,2,0,2,True
1092,cal,31,12,3,0,3,True
1093,cal,18,4,1,0,1,True
1094,tune,27,10,7,0,7,True
1095,test,23,5,4,0,4,True
1096,cal,55,8,2,0,2,True
1097,test,27,7,3,0,3,True
1098,cal,36,5,0,0,0,False
1099,cal,36,6,0,0,0,False
1100,cal,14,2,0,0,0,False
1101,test,77,14,7,0,7,True
1102,cal,13,3,1,0,1,True
1103,tune,18,4,3,0,3,True
1104,cal,43,7,1,0,1,True
1105,cal,16,5,3,0,3,True
1106,test,35,6,0,0,0,False
1107,test,64,10,3,0,3,True
1108,tune,29,5,1,0,1,True
1109,test,25,5,1,0,1,True
1110,test,32,10,3,0,3,True
1111,cal,27,6,2,0,2,True
1112,test,23,4,1,0,1,True
1113,test,34,8,0,0,0,False
1114,test,24,4,1,0,1,True
1115,test,15,3,2,0,2,True
1116,test,23,5,1,0,1,True
1117,tune,8,1,0,0,0,False
1118,cal,12,3,1,0,1,True
1119,test,29,9,5,0,5,True
1120,test,12,3,0,0,0,False
1121,cal,46,23,8,0,8,True
1122,test,52,9,6,0,6,True
1123,test,22,3,0,0,0,False
1124,cal,28,7,1,0,1,True
1125,tune,24,3,0,0,0,False
1126,test,32,4,0,0,0,False
1127,cal,11,4,2,0,2,True
1128,cal,77,13,6,0,6,True
1129,cal,33,6,0,0,0,False
1130,cal,41,7,2,0,2,True
1131,cal,40,12,2,0,2,True
1132,cal,32,9,0,0,0,False
1133,tune,24,3,0,0,0,False
1134,test,27,4,0,0,0,False
1135,cal,18,6,1,0,1,True
1136,cal,27,11,5,0,5,True
1137,cal,63,40,19,0,19,True
1138,test,24,5,1,0,1,True
1139,test,15,4,1,0,1,True
1140,tune,32,4,0,0,0,False
1141,test,4,2,0,0,0,False
1142,cal,16,3,0,0,0,False
1143,test,22,13,5,0,5,True
1144,test,19,11,3,0,3,True
1145,cal,49,10,3,0,3,True
1146,tune,98,15,6,0,6,True
1147,test,32,7,0,0,0,False
1148,test,16,4,1,0,1,True
1149,cal,38,7,2,0,2,True
1150,cal,28,7,0,0,0,False
1151,test,16,2,1,0,1,True
1152,test,24,3,0,0,0,False
1153,cal,27,6,2,0,2,True
1154,cal,50,9,3,0,3,True
1155,cal,26,5,2,0,2,True
1156,cal,17,4,1,0,1,True
1157,cal,24,4,1,0,1,True
1158,test,32,7,3,0,3,True
1159,test,8,1,0,0,0,False
1160,test,23,9,5,0,5,True
1161,test,17,3,0,0,0,False
1162,cal,16,2,0,0,0,False
1163,test,24,3,1,0,1,True
1164,test,49,15,1,0,1,True
1165,cal,76,16,2,0,2,True
1166,test,18,4,0,0,0,False
1167,test,44,14,6,0,6,True
1168,cal,32,5,1,0,1,True
1169,cal,20,3,0,0,0,False
1170,test,36,10,1,0,1,True
1171,test,33,5,0,0,0,False
1172,test,65,20,3,0,3,True
1173,test,52,12,1,0,1,True
1174,test,43,8,3,0,3,True
1175,cal,53,14,3,0,3,True
1176,test,46,9,1,0,1,True
1177,cal,48,14,6,0,6,True
1178,tune,43,7,1,0,1,True
1179,test,21,4,1,0,1,True
1180,test,22,8,1,0,1,True
1181,cal,32,4,0,0,0,False
1182,test,31,8,4,0,4,True
1183,cal,16,2,0,0,0,False
1184,cal,75,38,7,0,7,True
1185,test,28,5,1,0,1,True
1186,cal,62,25,2,0,2,True
1187,cal,15,7,4,0,4,True
1188,test,36,9,5,0,5,True
1189,test,19,4,1,0,1,True
1190,test,17,8,5,0,5,True
1191,test,20,5,0,0,0,False
1192,test,24,3,0,0,0,False
1193,test,17,3,1,0,1,True
1194,test,91,13,3,0,3,True
1195,test,14,2,0,0,0,False
1196,test,32,4,2,0,2,True
1197,cal,14,2,0,0,0,False
1198,cal,45,10,5,0,5,True
1199,cal,11,3,2,0,2,True
1200,cal,42,11,4,0,4,True
1201,cal,19,4,0,0,0,False
1202,cal,28,5,0,0,0,False
1203,cal,11,3,1,0,1,True
1204,cal,24,3,1,0,1,True
1205,test,100,14,9,0,9,True
1206,cal,35,10,1,0,1,True
1207,tune,16,2,0,0,0,False
1208,test,19,5,0,0,0,False
1210,cal,20,5,1,0,1,True
1211,test,27,4,1,0,1,True
1212,cal,61,8,1,0,1,True
1213,cal,28,8,5,0,5,True
1214,cal,31,19,7,0,7,True
1215,cal,23,5,1,0,1,True
1216,test,32,4,0,0,0,False
1217,cal,49,8,1,0,1,True
1218,cal,40,7,5,0,5,True
1219,cal,48,13,6,0,6,True
1220,cal,8,2,0,0,0,False
1221,test,14,3,1,0,1,True
1222,test,38,10,2,0,2,True
1223,cal,31,5,0,0,0,False
1224,tune,56,10,2,0,2,True
1225,cal,31,7,3,0,3,True
1226,cal,24,3,1,0,1,True
1227,test,8,1,0,0,0,False
1228,test,17,5,2,0,2,True
1229,cal,25,6,3,0,3,True
1230,cal,17,4,0,0,0,False
1231,test,27,8,4,0,4,True
1232,cal,22,7,4,0,4,True
1233,cal,39,7,0,0,0,False
1234,test,29,6,0,0,0,False
1235,cal,29,6,3,0,3,True
1236,test,16,4,2,0,2,True
1237,cal,19,3,1,0,1,True
1238,cal,53,7,1,0,1,True
1239,cal,25,4,1,0,1,True
1240,cal,33,5,2,0,2,True
1241,test,24,7,4,0,4,True
1242,cal,32,4,2,0,2,True
1243,test,11,4,0,0,0,False
1244,cal,166,29,5,0,5,True
1245,cal,32,11,0,0,0,False
1246,cal,27,5,0,0,0,False
1247,test,40,7,2,0,2,True
1248,cal,28,20,7,0,7,True
1249,test,28,5,0,0,0,False
1250,tune,19,7,0,0,0,False
1251,cal,25,5,1,0,1,True
1252,cal,40,8,3,0,3,True
1253,tune,67,13,3,0,3,True
1254,cal,41,7,2,0,2,True
1255,cal,69,14,7,0,7,True
1256,cal,17,3,0,0,0,False
1257,cal,12,4,0,0,0,False
1258,tune,29,14,4,0,4,True
1259,tune,23,12,2,0,2,True
1260,cal,16,2,0,0,0,False
1261,test,33,5,0,0,0,False
1262,test,18,4,0,0,0,False
1263,test,19,4,0,0,0,False
1264,cal,31,6,2,0,2,True
1265,tune,18,3,0,0,0,False
1266,test,63,8,1,0,1,True
1267,test,30,10,1,0,1,True
1268,cal,200,25,1,0,1,True
1269,test,24,3,0,0,0,False
1270,cal,37,7,3,0,3,True
1271,test,4,3,1,0,1,True
1272,cal,33,6,1,0,1,True
1273,cal,27,5,1,0,1,True
1274,cal,27,11,5,0,5,True
1275,test,39,8,4,0,4,True
1276,cal,13,5,0,0,0,False
1277,cal,30,6,1,0,1,True
1278,cal,19,4,1,0,1,True
1279,test,25,5,1,0,1,True
1280,cal,33,9,6,0,6,True
1281,cal,17,3,1,0,1,True
1282,test,22,4,1,0,1,True
1283,tune,19,5,2,0,2,True
1284,test,25,6,1,0,1,True
1285,test,23,4,0,0,0,False
1286,cal,29,8,2,0,2,True
1287,tune,33,5,2,0,2,True
1288,cal,28,6,1,0,1,True
1289,tune,42,6,2,0,2,True
1290,test,33,5,0,0,0,False
1291,cal,18,4,1,0,1,True
1292,cal,74,39,19,0,19,True
1293,cal,18,6,2,0,2,True
1294,test,25,8,1,0,1,True
1295,cal,30,6,1,0,1,True
1296,test,45,7,1,0,1,True
1297,cal,14,3,2,0,2,True
1298,tune,22,5,2,0,2,True
1299,test,24,6,3,0,3,True
1300,cal,61,15,4,0,4,True
1301,cal,28,5,2,0,2,True
1302,cal,19,5,1,0,1,True
1303,cal,20,7,1,0,1,True
1304,cal,28,6,2,0,2,True
1305,cal,23,5,1,0,1,True
1306,cal,21,5,1,0,1,True
1307,cal,33,8,3,0,3,True
1308,test,35,7,4,0,4,True
1309,test,30,9,1,0,1,True
1310,test,16,4,1,0,1,True
1311,cal,29,7,1,0,1,True
1312,cal,34,6,0,0,0,False
1313,cal,35,6,3,0,3,True
1314,cal,174,27,3,0,3,True
1315,cal,18,3,1,0,1,True
1316,test,19,4,0,0,0,False
1317,test,23,3,2,0,2,True
1318,tune,26,4,0,0,0,False
1319,test,22,4,0,0,0,False
1320,test,16,2,0,0,0,False
1321,test,16,5,1,0,1,True
1322,cal,15,2,1,0,1,True
1323,test,8,1,0,0,0,False
1324,test,23,5,1,0,1,True
1325,test,33,13,4,0,4,True
1326,tune,52,24,13,0,13,True
1327,test,24,3,1,0,1,True
1328,cal,27,4,0,0,0,False
1329,test,16,2,0,0,0,False
1330,test,65,10,4,0,4,True
1331,test,32,4,0,0,0,False
1332,cal,34,8,1,0,1,True
1333,test,24,3,0,0,0,False
1334,cal,24,3,0,0,0,False
1335,test,41,26,15,0,15,True
1336,tune,21,5,3,0,3,True
1337,cal,19,4,0,0,0,False
1338,test,18,4,0,0,0,False
1339,cal,21,3,0,0,0,False
1340,cal,30,5,3,0,3,True
1341,test,20,4,2,0,2,True
1342,test,160,24,4,0,4,True
1343,cal,20,5,3,0,3,True
1344,cal,16,2,0,0,0,False
1345,cal,32,4,1,0,1,True
1346,cal,38,6,2,0,2,True
1347,test,16,2,0,0,0,False
1348,test,24,5,3,0,3,True
1349,cal,64,8,1,0,1,True
1350,cal,17,3,0,0,0,False
1351,cal,45,8,3,0,3,True
1352,tune,28,6,3,0,3,True
1353,test,17,3,1,0,1,True
1354,test,22,4,3,0,3,True
1355,test,28,5,2,0,2,True
1356,cal,16,2,0,0,0,False
1357,cal,17,6,5,0,5,True
1358,cal,29,7,3,0,3,True
1359,test,36,6,3,0,3,True
1360,test,24,4,1,0,1,True
1361,test,81,13,5,0,5,True
1362,test,91,27,14,0,14,True
1363,cal,24,3,0,0,0,False
1364,tune,16,2,0,0,0,False
1365,cal,25,4,0,0,0,False
1366,cal,44,14,11,0,11,True
1367,cal,28,7,1,0,1,True
1368,cal,25,4,0,0,0,False
1369,cal,45,15,7,0,7,True
1370,test,22,5,4,0,4,True
1371,tune,63,19,6,0,6,True
1372,cal,40,9,0,0,0,False
1373,test,20,5,0,0,0,False
1374,test,27,4,1,0,1,True
1375,cal,37,8,6,0,6,True
1376,test,9,2,1,0,1,True
1377,cal,11,2,0,0,0,False
1378,tune,22,9,5,0,5,True
1379,tune,26,5,1,0,1,True
1380,test,37,17,11,0,11,True
1381,test,25,4,1,0,1,True
1382,test,34,9,6,0,6,True
1383,test,34,6,3,0,3,True
1384,cal,24,9,2,0,2,True
1385,cal,24,5,0,0,0,False
1386,test,25,4,0,0,0,False
1387,cal,16,2,1,0,1,True
1388,tune,18,5,2,0,2,True
1389,cal,35,7,3,0,3,True
1390,cal,17,4,0,0,0,False
1391,cal,21,6,0,0,0,False
1392,test,14,2,0,0,0,False
1393,test,31,6,2,0,2,True
1394,cal,33,5,1,0,1,True
1395,cal,20,3,1,0,1,True
1396,test,31,4,1,0,1,True
1397,test,27,4,1,0,1,True
1398,test,15,4,1,0,1,True
1399,cal,26,7,2,0,2,True
1400,cal,25,4,1,0,1,True
1401,cal,29,5,3,0,3,True
1402,cal,8,2,1,0,1,True
1403,cal,24,6,1,0,1,True
1404,test,33,5,0,0,0,False
1405,test,12,3,0,0,0,False
1406,test,29,7,3,0,3,True
1407,test,8,1,0,0,0,False
1408,cal,33,5,1,0,1,True
1409,cal,25,5,1,0,1,True
1410,tune,24,3,1,0,1,True
1411,tune,36,6,2,0,2,True
1412,cal,24,6,1,0,1,True
1413,cal,12,3,1,0,1,True
1414,test,35,6,1,0,1,True
1415,cal,21,8,2,0,2,True
1416,cal,45,31,21,0,21,True
1417,test,16,2,0,0,0,False
1418,tune,27,5,0,0,0,False
1419,cal,37,6,1,0,1,True
1420,test,37,6,2,0,2,True
1421,cal,46,9,4,0,4,True
1422,tune,18,5,1,0,1,True
1423,cal,32,5,1,0,1,True
1424,test,49,13,1,0,1,True
1425,test,33,9,2,0,2,True
1426,cal,25,5,1,0,1,True
1427,test,26,4,0,0,0,False
1428,cal,42,7,0,0,0,False
1429,cal,17,4,1,0,1,True
1431,cal,25,4,1,0,1,True
1432,test,34,6,4,0,4,True
1433,test,45,8,2,0,2,True
1434,test,23,6,2,0,2,True
1435,test,27,4,2,0,2,True
1436,test,45,15,4,0,4,True
1437,cal,63,12,2,0,2,True
1438,cal,26,4,0,0,0,False
1439,cal,16,2,1,0,1,True
1440,tune,21,4,0,0,0,False
1441,cal,43,9,3,0,3,True
1442,cal,16,4,0,0,0,False
1443,cal,38,5,0,0,0,False
1444,test,24,5,2,0,2,True
1445,cal,30,5,0,0,0,False
1446,test,17,4,1,0,1,True
1447,cal,17,3,0,0,0,False
1448,test,75,29,2,0,2,True
1449,cal,33,7,1,0,1,True
1450,test,16,3,0,0,0,False
1451,cal,26,8,0,0,0,False
1452,cal,13,6,5,0,5,True
1453,tune,60,9,1,0,1,True
1454,cal,53,10,5,0,5,True
1455,test,16,2,0,0,0,False
1456,cal,14,5,1,0,1,True
1457,tune,29,6,2,0,2,True
1458,test,16,2,0,0,0,False
1459,tune,26,6,1,0,1,True
1460,cal,15,5,5,0,5,True
1461,cal,31,8,1,0,1,True
1462,test,26,7,2,0,2,True
1463,tune,47,7,3,0,3,True
1464,tune,29,8,4,0,4,True
1465,cal,11,3,1,0,1,True
1466,cal,25,6,1,0,1,True
1467,tune,11,2,0,0,0,False
1468,cal,65,11,4,0,4,True
1469,tune,8,2,1,0,1,True
1470,test,32,4,0,0,0,False
1471,tune,42,8,2,0,2,True
1472,tune,34,5,0,0,0,False
1473,test,16,2,0,0,0,False
1474,test,24,3,0,0,0,False
1475,cal,38,5,3,0,3,True
1476,test,19,5,0,0,0,False
1477,cal,21,4,0,0,0,False
1478,tune,55,11,6,0,6,True
1479,test,24,3,1,0,1,True
1480,cal,24,7,3,0,3,True
1481,cal,25,4,1,0,1,True
1482,cal,24,3,0,0,0,False
1483,cal,30,7,1,0,1,True
1484,cal,22,7,3,0,3,True
1485,cal,42,7,2,0,2,True
1486,cal,27,5,2,0,2,True
1487,cal,33,7,1,0,1,True
1488,tune,41,6,0,0,0,False
1489,test,27,7,0,0,0,False
1490,cal,28,4,1,0,1,True
1491,cal,17,3,2,0,2,True
1492,test,23,6,3,0,3,True
1493,cal,28,5,0,0,0,False
1494,test,15,5,2,0,2,True
1495,test,23,5,2,0,2,True
1496,cal,43,7,0,0,0,False
1497,cal,19,6,0,0,0,False
1498,test,44,7,2,0,2,True
1499,cal,16,2,1,0,1,True
1500,tune,11,6,0,0,0,False
1501,cal,32,12,7,0,7,True
1502,test,25,5,0,0,0,False
1503,cal,33,6,1,0,1,True
1504,test,28,8,5,0,5,True
1505,test,35,10,6,0,6,True
1506,cal,16,2,0,0,0,False
1507,cal,41,9,6,0,6,True
1508,cal,18,3,1,0,1,True
1509,cal,19,5,0,0,0,False
1510,cal,10,2,1,0,1,True
1511,test,24,5,1,0,1,True
1512,test,23,5,1,0,1,True
1513,cal,33,9,5,0,5,True
1514,test,27,5,2,0,2,True
1515,test,19,4,0,0,0,False
1516,test,16,4,1,0,1,True
1517,cal,8,1,0,0,0,False
1518,test,58,8,0,0,0,False
1519,cal,16,6,5,0,5,True
1520,cal,26,6,2,0,2,True
1521,cal,22,9,0,0,0,False
1522,test,8,1,0,0,0,False
1523,test,12,3,0,0,0,False
1524,test,18,11,2,0,2,True
1525,cal,24,3,0,0,0,False
1526,cal,16,3,0,0,0,False
1527,cal,34,10,4,0,4,True
1528,test,54,8,3,0,3,True
1529,cal,19,5,3,0,3,True
1530,tune,110,83,44,0,44,True
1531,cal,33,6,0,0,0,False
1532,tune,16,2,0,0,0,False
1533,cal,25,4,0,0,0,False
1534,test,18,4,1,0,1,True
1535,test,36,6,3,0,3,True
1536,tune,22,5,2,0,2,True
1537,test,24,3,0,0,0,False
1538,cal,9,4,2,0,2,True
1539,cal,24,4,1,0,1,True
1540,cal,44,7,3,0,3,True
1541,cal,11,5,0,0,0,False
1542,cal,17,3,0,0,0,False
1543,cal,51,8,5,0,5,True
1544,cal,25,5,2,0,2,True
1545,cal,26,6,0,0,0,False
1546,cal,19,5,0,0,0,False
1547,test,16,2,0,0,0,False
1548,test,29,6,2,0,2,True
1549,cal,28,6,2,0,2,True
1550,test,30,5,3,0,3,True
1551,cal,23,3,0,0,0,False
1552,cal,43,18,12,0,12,True
1553,test,26,6,0,0,0,False
1554,cal,20,13,4,0,4,True
1555,cal,16,5,0,0,0,False
1556,test,21,4,1,0,1,True
1557,tune,26,4,0,0,0,False
1558,cal,18,6,1,0,1,True
1559,tune,16,2,0,0,0,False
1560,cal,41,7,2,0,2,True
1561,test,41,12,5,0,5,True
1562,cal,39,15,7,0,7,True
1563,cal,13,3,0,0,0,False
1564,cal,21,4,0,0,0,False
1565,test,13,2,0,0,0,False
1566,test,19,3,2,0,2,True
1567,test,28,6,2,0,2,True
1568,test,25,6,1,0,1,True
1569,cal,17,4,3,0,3,True
1570,cal,36,16,13,0,13,True
1571,test,42,9,7,0,7,True
1572,cal,37,5,2,0,2,True
1573,test,40,10,5,0,5,True
1574,test,25,5,2,0,2,True
1575,test,17,3,1,0,1,True
1576,cal,37,8,4,0,4,True
1577,test,29,6,2,0,2,True
1578,cal,8,1,0,0,0,False
1579,test,23,4,0,0,0,False
1580,cal,41,11,6,0,6,True
1581,cal,17,3,0,0,0,False
1582,cal,36,6,3,0,3,True
1583,test,18,4,0,0,0,False
1584,cal,39,22,12,0,12,True
1585,test,8,4,1,0,1,True
1586,cal,40,7,2,0,2,True
1587,cal,26,6,1,0,1,True
1588,cal,53,8,1,0,1,True
1589,test,38,10,4,0,4,True
1590,test,38,14,6,0,6,True
1591,cal,14,6,1,0,1,True
1592,cal,33,6,0,0,0,False
1593,tune,27,10,3,0,3,True
1594,tune,30,5,0,0,0,False
1595,cal,15,4,0,0,0,False
1596,tune,19,3,2,0,2,True
1597,cal,25,6,2,0,2,True
1598,cal,25,4,0,0,0,False
1599,cal,35,5,4,0,4,True
1600,cal,24,3,0,0,0,False
1601,test,30,8,1,0,1,True
1602,cal,11,3,1,0,1,True
1603,test,27,6,3,0,3,True
1604,test,14,4,2,0,2,True
1605,cal,9,2,0,0,0,False
1606,test,39,8,4,0,4,True
1607,test,41,13,4,0,4,True
1608,test,36,5,0,0,0,False
1610,test,25,6,0,0,0,False
1611,cal,59,16,4,0,4,True
1612,cal,54,11,0,0,0,False
1613,tune,24,3,0,0,0,False
1614,cal,77,37,22,0,22,True
1615,test,46,11,6,0,6,True
1616,test,33,7,3,0,3,True
1617,test,17,3,0,0,0,False
1618,test,55,10,4,0,4,True
1619,cal,24,4,2,0,2,True
1620,cal,25,7,0,0,0,False
1621,cal,16,2,0,0,0,False
1622,cal,32,4,0,0,0,False
1623,cal,12,3,1,0,1,True
1624,cal,65,18,7,0,7,True
1625,cal,36,6,2,0,2,True
1626,test,11,3,0,0,0,False
1627,cal,29,8,6,0,6,True
1628,cal,21,11,5,0,5,True
1629,test,8,1,0,0,0,False
1630,tune,37,7,2,0,2,True
1631,test,40,6,0,0,0,False
1632,cal,15,5,2,0,2,True
1633,test,11,4,1,0,1,True
1634,test,27,5,0,0,0,False
1635,cal,35,9,1,0,1,True
1636,test,22,5,2,0,2,True
1637,test,35,7,3,0,3,True
1638,tune,25,8,4,0,4,True
1639,cal,16,2,0,0,0,False
1640,cal,19,4,1,0,1,True
1641,cal,24,3,1,0,1,True
1642,test,16,4,2,0,2,True
1643,cal,32,4,0,0,0,False
1644,cal,29,6,2,0,2,True
1645,test,76,12,1,0,1,True
1646,cal,23,6,2,0,2,True
1647,test,22,13,3,0,3,True
1648,test,14,3,1,0,1,True
1649,cal,26,5,2,0,2,True
1650,test,49,13,4,0,4,True
1651,cal,8,1,0,0,0,False
1652,cal,39,6,1,0,1,True
1653,test,26,5,3,0,3,True
1654,cal,33,6,1,0,1,True
1655,test,18,3,0,0,0,False
1656,cal,36,7,0,0,0,False
1657,test,21,6,1,0,1,True
1658,test,24,7,3,0,3,True
1659,test,80,10,6,0,6,True
1660,test,34,8,2,0,2,True
1661,cal,45,9,0,0,0,False
1662,cal,40,8,3,0,3,True
1663,cal,8,1,0,0,0,False
1664,test,43,12,8,0,8,True
1665,cal,28,6,2,0,2,True
1666,test,24,4,0,0,0,False
1667,cal,32,9,4,0,4,True
1668,test,44,9,3,0,3,True
1669,test,40,5,1,0,1,True
1670,cal,41,6,1,0,1,True
1671,tune,10,2,0,0,0,False
1672,test,39,14,5,0,5,True
1673,test,30,5,1,0,1,True
1674,test,25,4,1,0,1,True
1675,cal,8,1,0,0,0,False
1676,cal,32,14,6,0,6,True
1677,test,22,4,1,0,1,True
1678,test,36,11,4,0,4,True
1679,test,35,18,7,0,7,True
1680,test,20,5,1,0,1,True
1681,test,28,5,3,0,3,True
1682,cal,20,4,0,0,0,False
1683,cal,3,2,0,0,0,False
1684,test,54,20,7,0,7,True
1685,cal,31,7,2,0,2,True
1686,test,28,6,5,0,5,True
1687,cal,17,3,0,0,0,False
1688,cal,40,5,1,0,1,True
1689,cal,85,17,5,0,5,True
1690,test,15,3,0,0,0,False
1691,cal,10,2,0,0,0,False
1692,test,16,2,0,0,0,False
1693,tune,105,22,8,0,8,True
1694,cal,61,13,8,0,8,True
1695,cal,38,7,2,0,2,True
1696,cal,120,55,4,0,4,True
1697,test,31,7,2,0,2,True
1698,cal,40,5,2,0,2,True
1699,tune,29,7,2,0,2,True
1700,cal,25,4,1,0,1,True
1701,cal,17,3,1,0,1,True
1702,cal,24,3,0,0,0,False
1703,cal,25,5,0,0,0,False
1704,cal,18,4,2,0,2,True
1705,test,20,4,0,0,0,False
1706,cal,16,2,1,0,1,True
1707,cal,16,2,0,0,0,False
1708,cal,38,8,2,0,2,True
1709,cal,18,4,1,0,1,True
1710,cal,35,5,1,0,1,True
1711,cal,61,26,7,0,7,True
1712,test,37,9,6,0,6,True
1713,cal,21,4,2,0,2,True
1714,cal,26,9,3,0,3,True
1715,test,41,6,3,0,3,True
1716,cal,53,12,4,0,4,True
1717,test,10,2,0,0,0,False
1718,cal,48,10,4,0,4,True
1719,test,58,10,4,0,4,True
1720,cal,16,3,0,0,0,False
1721,test,33,8,1,0,1,True
1722,cal,19,4,0,0,0,False
1723,test,37,5,2,0,2,True
1724,test,19,3,1,0,1,True
1725,cal,19,8,0,0,0,False
1726,test,16,2,0,0,0,False
1727,test,34,7,1,0,1,True
1728,test,83,23,3,0,3,True
1729,cal,25,7,3,0,3,True
1730,cal,16,3,0,0,0,False
1731,cal,17,5,2,0,2,True
1732,test,42,7,2,0,2,True
1733,cal,16,2,0,0,0,False
1734,cal,25,4,2,0,2,True
1735,test,15,3,0,0,0,False
1736,test,24,3,1,0,1,True
1737,test,19,6,1,0,1,True
1738,cal,16,3,0,0,0,False
1739,test,47,12,3,0,3,True
1740,test,19,4,1,0,1,True
1741,test,64,20,2,0,2,True
1742,cal,30,4,1,0,1,True
1743,test,115,18,0,0,0,False
1744,tune,16,4,0,0,0,False
1745,tune,24,3,0,0,0,False
1746,cal,12,2,0,0,0,False
1747,cal,25,14,11,0,11,True
1748,cal,51,12,10,0,10,True
1749,test,16,2,0,0,0,False
1750,test,28,10,1,0,1,True
1751,cal,22,4,2,0,2,True
1752,test,53,11,4,0,4,True
1753,test,16,2,0,0,0,False
1754,cal,34,5,4,0,4,True
1755,test,24,4,2,0,2,True
1756,cal,33,5,0,0,0,False
1757,cal,17,3,1,0,1,True
1758,test,34,5,2,0,2,True
1759,test,20,6,3,0,3,True
1760,tune,32,9,4,0,4,True
1761,test,28,9,2,0,2,True
1762,cal,9,2,0,0,0,False
1763,cal,39,9,2,0,2,True
1764,cal,23,4,2,0,2,True
1765,cal,23,8,2,0,2,True
1766,cal,26,6,0,0,0,False
1767,test,24,3,0,0,0,False
1768,test,31,4,3,0,3,True
1769,test,32,4,1,0,1,True
1770,test,42,10,8,0,8,True
1771,cal,38,6,1,0,1,True
1772,cal,27,6,1,0,1,True
1773,cal,16,3,0,0,0,False
1774,tune,73,15,12,0,12,True
1775,tune,40,7,3,0,3,True
1776,cal,26,4,1,0,1,True
1777,cal,64,10,1,0,1,True
1778,test,16,2,1,0,1,True
1779,cal,30,7,1,0,1,True
1780,cal,31,18,3,0,3,True
1781,cal,16,5,2,0,2,True
1782,cal,48,9,3,0,3,True
1783,test,9,3,0,0,0,False
1784,cal,18,4,1,0,1,True
1785,cal,43,13,4,0,4,True
1786,test,23,3,0,0,0,False
1787,cal,24,5,1,0,1,True
1788,cal,24,3,0,0,0,False
1789,test,24,4,0,0,0,False
1790,test,31,9,0,0,0,False
1791,test,15,2,0,0,0,False
1792,test,15,3,0,0,0,False
1793,cal,17,3,1,0,1,True
1794,tune,50,9,0,0,0,False
1795,test,23,5,4,0,4,True
1796,cal,29,7,3,0,3,True
1797,cal,22,11,6,0,6,True
1798,test,19,6,3,0,3,True
1799,test,57,12,0,0,0,False
1800,test,25,4,1,0,1,True
1801,cal,32,6,2,0,2,True
1802,test,32,10,1,0,1,True
1803,test,15,3,1,0,1,True
1804,cal,31,4,1,0,1,True
1805,cal,30,8,3,0,3,True
1806,test,53,14,3,0,3,True
1807,test,32,9,3,0,3,True
1808,cal,19,5,0,0,0,False
1809,cal,50,11,9,0,9,True
1810,test,30,6,2,0,2,True
1811,cal,42,8,1,0,1,True
1813,test,15,2,1,0,1,True
1814,cal,16,2,0,0,0,False
1815,test,32,8,1,0,1,True
1816,test,15,4,1,0,1,True
1817,test,21,6,3,0,3,True
1818,tune,40,6,4,0,4,True
1819,test,16,2,0,0,0,False
1820,test,13,3,0,0,0,False
1821,test,26,14,2,0,2,True
1822,test,51,9,2,0,2,True
1823,cal,25,6,2,0,2,True
1824,cal,33,7,4,0,4,True
1825,test,43,10,2,0,2,True
1826,cal,26,7,5,0,5,True
1827,test,43,9,0,0,0,False
1828,cal,16,4,1,0,1,True
1829,cal,55,26,10,0,10,True
1830,test,48,11,4,0,4,True
1831,test,25,6,3,0,3,True
1832,cal,17,3,0,0,0,False
1833,test,48,6,0,0,0,False
1834,test,35,11,0,0,0,False
1835,test,43,6,3,0,3,True
1836,cal,24,6,1,0,1,True
1837,cal,28,7,4,0,4,True
1838,cal,24,5,2,0,2,True
1839,test,30,6,0,0,0,False
1840,test,43,7,2,0,2,True
1841,test,25,5,3,0,3,True
1842,test,11,4,2,0,2,True
1843,test,25,5,3,0,3,True
1844,cal,33,7,2,0,2,True
1845,cal,41,6,2,0,2,True
1846,test,47,9,5,0,5,True
1847,cal,26,5,3,0,3,True
1848,tune,29,4,0,0,0,False
1849,test,33,8,1,0,1,True
1850,cal,9,2,0,0,0,False
1851,cal,1,1,0,0,0,False
1852,cal,26,10,3,0,3,True
1853,test,33,10,7,0,7,True
1854,test,23,4,0,0,0,False
1855,test,40,5,0,0,0,False
1856,cal,17,3,0,0,0,False
1857,test,25,6,0,0,0,False
1858,test,33,12,5,0,5,True
1859,cal,33,8,1,0,1,True
1860,test,31,5,2,0,2,True
1861,test,41,10,3,0,3,True
1862,cal,8,2,1,0,1,True
1863,cal,21,4,0,0,0,False
1864,tune,101,16,2,0,2,True
1865,cal,18,5,3,0,3,True
1866,tune,13,2,0,0,0,False
1867,test,28,5,2,0,2,True
1868,cal,33,7,1,0,1,True
1869,test,26,9,6,0,6,True
1870,cal,34,7,3,0,3,True
1871,test,24,7,5,0,5,True
1872,cal,28,6,1,0,1,True
1873,test,30,6,1,0,1,True
1874,test,45,6,1,0,1,True
1875,cal,24,3,0,0,0,False
1876,test,37,9,3,0,3,True
1877,cal,31,8,4,0,4,True
1878,tune,30,6,3,0,3,True
1879,test,19,7,3,0,3,True
1880,cal,68,18,1,0,1,True
1881,test,44,7,0,0,0,False
1882,cal,17,3,0,0,0,False
1883,test,16,5,3,0,3,True
1884,test,30,5,1,0,1,True
1885,test,17,7,1,0,1,True
1886,cal,23,4,0,0,0,False
1887,tune,15,2,0,0,0,False
1888,cal,29,10,2,0,2,True
1889,cal,16,2,0,0,0,False
1890,test,22,5,0,0,0,False
1891,cal,9,2,1,0,1,True
