proposal_source,block_definition,rho,alpha,K,seeds,non_empty_seeds,mean_release,min_release,max_release,actual_FTR_mean,actual_FTR_max,actual_FTR_bootstrap95_low,actual_FTR_bootstrap95_high,raw_topK_actual_FTR_mean,best_mass_ratio_mean,max_observed_e_mean,required_e,block_coverage_mean,dominant_empty_reason,interpretation
cgcnn_ensemble_learned_materials_model,chemical_system,0.1,0.1,50,20,20,50.0,50,50,0.002,0.02,0.0,0.005,0.002,127.33344330735125,1282.311120980516,10.0,0.9879888870906834,,block_sensitivity_not_primary
cgcnn_ensemble_learned_materials_model,chemical_system,0.1,0.1,100,20,20,100.0,100,100,0.039,0.11,0.028,0.052,0.039,90.46657488033146,1282.311120980516,10.0,0.9879888870906834,,block_sensitivity_not_primary
cgcnn_ensemble_learned_materials_model,chemical_system,0.1,0.1,300,20,20,300.0,300,300,0.267,0.3433333333333333,0.2555,0.2796666666666666,0.267,30.176894330999357,1282.311120980516,10.0,0.9879888870906834,,block_sensitivity_not_primary
cgcnn_ensemble_learned_materials_model,composition_family_pair,0.1,0.1,50,20,20,50.0,50,50,0.001,0.02,0.0,0.003,0.001,16.273427547991638,164.5441668977051,10.0,0.9957677699403146,,primary_balanced_composition_family
cgcnn_ensemble_learned_materials_model,composition_family_pair,0.1,0.1,100,20,20,100.0,100,100,0.03,0.1,0.016,0.0445,0.03,13.443074227562992,164.5441668977051,10.0,0.9957677699403146,,primary_balanced_composition_family
cgcnn_ensemble_learned_materials_model,composition_family_pair,0.1,0.1,300,20,20,163.8,43,300,0.091556238689795,0.217391304347826,0.0663439430026396,0.118489573450344,0.2349999999999999,4.747047784109154,164.5441668977051,10.0,0.9957677699403146,,primary_balanced_composition_family
cgcnn_ensemble_learned_materials_model,wyckoff_family,0.1,0.1,50,20,20,50.0,50,50,0.002,0.04,0.0,0.006,0.002,15.036943745798876,150.97367414323796,10.0,0.9965109314165916,,block_sensitivity_not_primary
cgcnn_ensemble_learned_materials_model,wyckoff_family,0.1,0.1,100,20,20,99.85,97,100,0.036701030927835,0.134020618556701,0.025,0.0506030927835051,0.037,11.345452796585624,150.97367414323796,10.0,0.9965109314165916,,block_sensitivity_not_primary
cgcnn_ensemble_learned_materials_model,wyckoff_family,0.1,0.1,300,20,20,135.45,71,178,0.0880140327288935,0.1768707482993197,0.0708096990837398,0.1063851830400803,0.2676666666666666,3.8296168814507054,150.97367414323796,10.0,0.9965109314165916,,block_sensitivity_not_primary
