card_id,track_id,domain,dataset,release_unit,proposal_source,verification_source,block_definition,alpha,requested_K,seeds,non_empty_seeds,mean_release,PARC_FTR,raw_topK_FTR,PARC_decision,risk_regime,downstream_artifact,consequence_metric,consequence_prevented,evidence_status,paper_status,primary_artifact,scope_limitations
ctc_learned_strict_alpha010_K300,biomedical_cell_link_release,biomedical_cell_tracking,Cell Tracking Challenge,adjacent-frame cell link,learned_hybrid_appearance_linker,masked CTC GT positives; human-confirmed strict audit closeout available,frame_pair_blocks,0.1,300,20,20,300.0,0.0,0.0,certified_release,strict_alpha010,cell lineage graph,release-quality cell-link FTR,0.0,completed_evidence,strict_flagship_card,outputs/milestones/scientific_domain_ctc_learned/table_ctc_learned_strict_alpha010_smallK.csv,"release certification for candidate links, not an end-to-end cell tracker claim"
ctc_strict_human_confirmed_release_queue,biomedical_cell_link_release,biomedical_cell_tracking,Cell Tracking Challenge,adjacent-frame cell link,learned_hybrid_appearance_linker,human-confirmed strict audit queue,frame_pair_blocks,0.1,1064,20,20,1064.0,0.0,0.0,human_confirmed_release,strict_alpha010_human_closeout,cell lineage graph,human-confirmed release queue FTR,0.0,completed_human_confirmed_closeout,strict_human_audit_card,outputs/milestones/ctc_strict_human_audit/table_ctc_strict_human_audit_go_no_go.csv,human-confirmed strict-release queue aggregated across seeds; no separate microscopy-expert adjudication claim
materials_alignn_followup_alpha010_K500,materials_computational_followup,materials_discovery,Matbench Discovery WBM unique prototypes,stable inorganic crystal candidate,alignn_ff_modern_learned_materials_model,pre-release DFT-stable positives in calibration blocks,composition_family_pair,0.1,500,20,20,90.75,0.0482207668261013,0.3269,certified_release,strict_alpha010_quasi_prospective_public_DFT,DFT computational follow-up queue,unstable follow-ups prevented,158.3,completed_quasi_prospective_public_DFT_label_trial,completed_quasi_prospective_card,outputs/milestones/materials_computational_followup_trial/table_materials_computational_trial_summary.csv,"public-label replay; no new DFT, experimental synthesis, or true prospective discovery claim"
materials_alignn_followup_alpha010_K5000,materials_computational_followup,materials_discovery,Matbench Discovery WBM unique prototypes,stable inorganic crystal candidate,alignn_ff_modern_learned_materials_model,pre-release DFT-stable positives in calibration blocks,composition_family_pair,0.1,5000,20,0,0.0,0.0,0.51548,certified_refusal,strict_alpha010_quasi_prospective_public_DFT,DFT computational follow-up queue,unstable follow-ups prevented,2577.4,completed_quasi_prospective_public_DFT_label_trial,completed_quasi_prospective_card,outputs/milestones/materials_computational_followup_trial/table_materials_computational_trial_summary.csv,"public-label replay; no new DFT, experimental synthesis, or true prospective discovery claim"
iwildcam_animal_human_audit_alpha020_K50,ecology_camera_trap_animal_release,ecological_camera_traps,iWildCam camera-trap subset,animal-present detection box,GroundingDINO-SwinT animal-present fallback,human-confirmed animal-present positives,camera location x temporal chunk,0.2,50,20,20,50.0,0.0,0.0,human_confirmed_operational_release,operational_alpha020,camera-trap animal-detection release list,human-audited animal-present FTR,0.0,completed_human_confirmed_operational_evidence,operational_card_not_strict,outputs/milestones/scientific_domain_iwildcam_human_audit/table_iwildcam_human_audit_primary_results.csv,strict alpha=0.10 refused; this is operational alpha=0.20 ecology evidence
ctc_noisy_geometric_linker_official_lineage_refusal_K5000,biomedical_lineage_artifact_guardrail,biomedical_cell_tracking,Cell Tracking Challenge,adjacent-frame cell link,ctc_noisy_geometric_linker,official/held-out CTC lineage identities,video/frame-pair blocks,0.1,5000,20,0,0.0,0.0,0.5815000000000001,certified_refusal,strict_alpha010_downstream_guardrail,cell lineage graph,prevented false lineage edges,2907.5,completed_official_GT_downstream_consequence,downstream_guardrail_card,outputs/milestones/official_downstream_consequence/table_ctc_official_lineage_metric_summary.csv,"TRA/AOGM-style values are edge-edit proxies, not official challenge leaderboard scores"
ctc_random_score_negative_control_official_lineage_refusal_K5000,biomedical_lineage_artifact_guardrail,biomedical_cell_tracking,Cell Tracking Challenge,adjacent-frame cell link,ctc_random_score_negative_control,official/held-out CTC lineage identities,video/frame-pair blocks,0.1,5000,20,0,0.0,0.0,0.7994100000000001,certified_refusal,strict_alpha010_downstream_guardrail,cell lineage graph,prevented false lineage edges,3997.05,completed_official_GT_downstream_consequence,downstream_guardrail_card,outputs/milestones/official_downstream_consequence/table_ctc_official_lineage_metric_summary.csv,"TRA/AOGM-style values are edge-edit proxies, not official challenge leaderboard scores"
spacenet_geometry_linker_official_map_K5000,earth_observation_persistence_map_guardrail,earth_observation,SpaceNet 7 official building identities,same-building temporal link,spacenet_geometry_linker,official SpaceNet building identities,AOI x time block,0.2,5000,20,0,0.0,0.0,0.00173,certified_refusal,operational_alpha020_downstream_guardrail,building-persistence map,prevented false persistence links,8.65,completed_official_GT_downstream_consequence,downstream_guardrail_card,outputs/milestones/official_downstream_consequence/table_spacenet_map_metric_summary.csv,"link-derived map artifact proxy from official identities, not a new geospatial challenge score"
spacenet_identity_preserving_random_score_control_official_map_K5000,earth_observation_persistence_map_guardrail,earth_observation,SpaceNet 7 official building identities,same-building temporal link,spacenet_identity_preserving_random_score_control,official SpaceNet building identities,AOI x time block,0.2,5000,20,0,0.0,0.0,0.67978,certified_refusal,operational_alpha020_downstream_guardrail,building-persistence map,prevented false persistence links,3398.9,completed_official_GT_downstream_consequence,downstream_guardrail_card,outputs/milestones/official_downstream_consequence/table_spacenet_map_metric_summary.csv,"link-derived map artifact proxy from official identities, not a new geospatial challenge score"
